-- Database: marketplacehotmart
--DROP DATABASE marketplacehotmart;
/*
CREATE DATABASE marketplacehotmart
    WITH 
    OWNER = postgres
    ENCODING = 'UTF8'
    LC_COLLATE = 'Portuguese_Brazil.1252'
    LC_CTYPE = 'Portuguese_Brazil.1252'
    TABLESPACE = pg_default
    CONNECTION LIMIT = -1;
*/
CREATE TABLE public.tbcategoryproduct
(
    identifier integer NOT NULL GENERATED BY DEFAULT AS IDENTITY ( INCREMENT 1 START 1 MINVALUE 1 MAXVALUE 2147483647 CACHE 1 ),
    name character varying(255) COLLATE pg_catalog."default",
    CONSTRAINT tbcategoryproduct_pkey PRIMARY KEY (identifier)
);

CREATE TABLE public.tbproduct
(
    identifier integer NOT NULL GENERATED BY DEFAULT AS IDENTITY ( INCREMENT 1 START 1 MINVALUE 1 MAXVALUE 2147483647 CACHE 1 ),
    created_by character varying(255) COLLATE pg_catalog."default",
    last_modified_by character varying(255) COLLATE pg_catalog."default",
    last_modified_date timestamp without time zone,
    datecreation timestamp without time zone,
    description character varying(255) COLLATE pg_catalog."default",
    name character varying(255) COLLATE pg_catalog."default" NOT NULL,
    category_product_identifier integer,
    CONSTRAINT tbproduct_pkey PRIMARY KEY (identifier),
    CONSTRAINT fkd5gt6qx1mh14q9nrfu3jgas3p FOREIGN KEY (category_product_identifier)
        REFERENCES public.tbcategoryproduct (identifier) MATCH SIMPLE
        ON UPDATE NO ACTION
        ON DELETE NO ACTION
);

CREATE TABLE public.tbassesproduct
(
    identifier integer NOT NULL,
    note integer,
    dateassessment timestamp without time zone,
    product_id integer,
    CONSTRAINT tbassesproduct_pkey PRIMARY KEY (identifier),
    CONSTRAINT fk925qd57ml6ft4ifdo7m8o7qkj FOREIGN KEY (product_id)
        REFERENCES public.tbproduct (identifier) MATCH SIMPLE
        ON UPDATE NO ACTION
        ON DELETE NO ACTION
);

CREATE TABLE public.tbsaller
(
    identifier integer NOT NULL GENERATED BY DEFAULT AS IDENTITY ( INCREMENT 1 START 1 MINVALUE 1 MAXVALUE 2147483647 CACHE 1 ),
    name character varying(255) COLLATE pg_catalog."default",
    CONSTRAINT tbsaller_pkey PRIMARY KEY (identifier)
);
CREATE TABLE public.tbcuyer
(
    identifier integer NOT NULL GENERATED BY DEFAULT AS IDENTITY ( INCREMENT 1 START 1 MINVALUE 1 MAXVALUE 2147483647 CACHE 1 ),
    name character varying(255) COLLATE pg_catalog."default",
    CONSTRAINT tbcuyer_pkey PRIMARY KEY (identifier)
);

CREATE TABLE public.tbsale
(
    identifier integer NOT NULL,
    cuyer_identifier integer,
    saller_identifier integer,
    CONSTRAINT tbsale_pkey PRIMARY KEY (identifier),
    CONSTRAINT fkdjhg8tbutu5wi90m4tdlp6h5c FOREIGN KEY (saller_identifier)
        REFERENCES public.tbsaller (identifier) MATCH SIMPLE
        ON UPDATE NO ACTION
        ON DELETE NO ACTION,
    CONSTRAINT fko1yaq83v5bwthmgcf9575bmwc FOREIGN KEY (cuyer_identifier)
        REFERENCES public.tbcuyer (identifier) MATCH SIMPLE
        ON UPDATE NO ACTION
        ON DELETE NO ACTION
);


CREATE TABLE public.tbsale_tbproduct
(
    sale_identifier integer NOT NULL,
    product_identifier integer NOT NULL,
    CONSTRAINT uk_69dfh2pbuxj3lulq68bb1i2lr UNIQUE (product_identifier),
    CONSTRAINT fk2wh5pkvtghumd8r085bwxjw9g FOREIGN KEY (product_identifier)
        REFERENCES public.tbproduct (identifier) MATCH SIMPLE
        ON UPDATE NO ACTION
        ON DELETE NO ACTION,
    CONSTRAINT fktnjsgm21xt5chf1ewhq012flf FOREIGN KEY (sale_identifier)
        REFERENCES public.tbsale (identifier) MATCH SIMPLE
        ON UPDATE NO ACTION
        ON DELETE NO ACTION
);


CREATE TABLE public.tbhistoryexec
(
    identifier integer NOT NULL GENERATED BY DEFAULT AS IDENTITY ( INCREMENT 1 START 1 MINVALUE 1 MAXVALUE 2147483647 CACHE 1 ),
    amountofnews integer,
    datetimexxecution timestamp without time zone,
    CONSTRAINT tbhistoryexec_pkey PRIMARY KEY (identifier)
);
----


INSERT INTO public.tbcategoryproduct(name)
	VALUES ('business');
INSERT INTO public.tbcategoryproduct(name)
	VALUES ('entertainment');	
INSERT INTO public.tbcategoryproduct(name)
	VALUES ('general');		
INSERT INTO public.tbcategoryproduct(name)
	VALUES ('health');
INSERT INTO public.tbcategoryproduct(name)
	VALUES ('science');
INSERT INTO public.tbcategoryproduct(name)
	VALUES ('sports');	
INSERT INTO public.tbcategoryproduct(name)
	VALUES ('technology');

INSERT INTO public.tbcategoryproduct(name)	VALUES (' Teste 0');
INSERT INTO public.tbcategoryproduct(name)	VALUES (' Teste 1');
INSERT INTO public.tbcategoryproduct(name)	VALUES (' Teste 2');
INSERT INTO public.tbcategoryproduct(name)	VALUES (' Teste 3');
INSERT INTO public.tbcategoryproduct(name)	VALUES (' Teste 4');
INSERT INTO public.tbcategoryproduct(name)	VALUES (' Teste 5');
INSERT INTO public.tbcategoryproduct(name)	VALUES (' Teste 6');
INSERT INTO public.tbcategoryproduct(name)	VALUES (' Teste 7');
INSERT INTO public.tbcategoryproduct(name)	VALUES (' Teste 8');
INSERT INTO public.tbcategoryproduct(name)	VALUES (' Teste 9');
INSERT INTO public.tbcategoryproduct(name)	VALUES (' Teste 10');
INSERT INTO public.tbcategoryproduct(name)	VALUES (' Teste 11');
INSERT INTO public.tbcategoryproduct(name)	VALUES (' Teste 12');
INSERT INTO public.tbcategoryproduct(name)	VALUES (' Teste 13');
INSERT INTO public.tbcategoryproduct(name)	VALUES (' Teste 14');
INSERT INTO public.tbcategoryproduct(name)	VALUES (' Teste 15');
INSERT INTO public.tbcategoryproduct(name)	VALUES (' Teste 16');
INSERT INTO public.tbcategoryproduct(name)	VALUES (' Teste 17');
INSERT INTO public.tbcategoryproduct(name)	VALUES (' Teste 18');
INSERT INTO public.tbcategoryproduct(name)	VALUES (' Teste 19');
INSERT INTO public.tbcategoryproduct(name)	VALUES (' Teste 20');
INSERT INTO public.tbcategoryproduct(name)	VALUES (' Teste 21');
INSERT INTO public.tbcategoryproduct(name)	VALUES (' Teste 22');
INSERT INTO public.tbcategoryproduct(name)	VALUES (' Teste 23');
INSERT INTO public.tbcategoryproduct(name)	VALUES (' Teste 24');
INSERT INTO public.tbcategoryproduct(name)	VALUES (' Teste 25');
INSERT INTO public.tbcategoryproduct(name)	VALUES (' Teste 26');
INSERT INTO public.tbcategoryproduct(name)	VALUES (' Teste 27');
INSERT INTO public.tbcategoryproduct(name)	VALUES (' Teste 28');
INSERT INTO public.tbcategoryproduct(name)	VALUES (' Teste 29');
INSERT INTO public.tbcategoryproduct(name)	VALUES (' Teste 30');
INSERT INTO public.tbcategoryproduct(name)	VALUES (' Teste 31');
INSERT INTO public.tbcategoryproduct(name)	VALUES (' Teste 32');
INSERT INTO public.tbcategoryproduct(name)	VALUES (' Teste 33');
INSERT INTO public.tbcategoryproduct(name)	VALUES (' Teste 34');
INSERT INTO public.tbcategoryproduct(name)	VALUES (' Teste 35');
INSERT INTO public.tbcategoryproduct(name)	VALUES (' Teste 36');
INSERT INTO public.tbcategoryproduct(name)	VALUES (' Teste 37');
INSERT INTO public.tbcategoryproduct(name)	VALUES (' Teste 38');
INSERT INTO public.tbcategoryproduct(name)	VALUES (' Teste 39');
INSERT INTO public.tbcategoryproduct(name)	VALUES (' Teste 40');
INSERT INTO public.tbcategoryproduct(name)	VALUES (' Teste 41');
INSERT INTO public.tbcategoryproduct(name)	VALUES (' Teste 42');
INSERT INTO public.tbcategoryproduct(name)	VALUES (' Teste 43');
INSERT INTO public.tbcategoryproduct(name)	VALUES (' Teste 44');
INSERT INTO public.tbcategoryproduct(name)	VALUES (' Teste 45');
INSERT INTO public.tbcategoryproduct(name)	VALUES (' Teste 46');
INSERT INTO public.tbcategoryproduct(name)	VALUES (' Teste 47');
INSERT INTO public.tbcategoryproduct(name)	VALUES (' Teste 48');
INSERT INTO public.tbcategoryproduct(name)	VALUES (' Teste 49');
INSERT INTO public.tbcategoryproduct(name)	VALUES (' Teste 50');
INSERT INTO public.tbcategoryproduct(name)	VALUES (' Teste 51');
INSERT INTO public.tbcategoryproduct(name)	VALUES (' Teste 52');
INSERT INTO public.tbcategoryproduct(name)	VALUES (' Teste 53');
INSERT INTO public.tbcategoryproduct(name)	VALUES (' Teste 54');
INSERT INTO public.tbcategoryproduct(name)	VALUES (' Teste 55');
INSERT INTO public.tbcategoryproduct(name)	VALUES (' Teste 56');
INSERT INTO public.tbcategoryproduct(name)	VALUES (' Teste 57');
INSERT INTO public.tbcategoryproduct(name)	VALUES (' Teste 58');
INSERT INTO public.tbcategoryproduct(name)	VALUES (' Teste 59');
INSERT INTO public.tbcategoryproduct(name)	VALUES (' Teste 60');
INSERT INTO public.tbcategoryproduct(name)	VALUES (' Teste 61');
INSERT INTO public.tbcategoryproduct(name)	VALUES (' Teste 62');
INSERT INTO public.tbcategoryproduct(name)	VALUES (' Teste 63');
INSERT INTO public.tbcategoryproduct(name)	VALUES (' Teste 64');
INSERT INTO public.tbcategoryproduct(name)	VALUES (' Teste 65');
INSERT INTO public.tbcategoryproduct(name)	VALUES (' Teste 66');
INSERT INTO public.tbcategoryproduct(name)	VALUES (' Teste 67');
INSERT INTO public.tbcategoryproduct(name)	VALUES (' Teste 68');
INSERT INTO public.tbcategoryproduct(name)	VALUES (' Teste 69');
INSERT INTO public.tbcategoryproduct(name)	VALUES (' Teste 70');
INSERT INTO public.tbcategoryproduct(name)	VALUES (' Teste 71');
INSERT INTO public.tbcategoryproduct(name)	VALUES (' Teste 72');
INSERT INTO public.tbcategoryproduct(name)	VALUES (' Teste 73');
INSERT INTO public.tbcategoryproduct(name)	VALUES (' Teste 74');
INSERT INTO public.tbcategoryproduct(name)	VALUES (' Teste 75');
INSERT INTO public.tbcategoryproduct(name)	VALUES (' Teste 76');
INSERT INTO public.tbcategoryproduct(name)	VALUES (' Teste 77');
INSERT INTO public.tbcategoryproduct(name)	VALUES (' Teste 78');
INSERT INTO public.tbcategoryproduct(name)	VALUES (' Teste 79');
INSERT INTO public.tbcategoryproduct(name)	VALUES (' Teste 80');
INSERT INTO public.tbcategoryproduct(name)	VALUES (' Teste 81');
INSERT INTO public.tbcategoryproduct(name)	VALUES (' Teste 82');
INSERT INTO public.tbcategoryproduct(name)	VALUES (' Teste 83');
INSERT INTO public.tbcategoryproduct(name)	VALUES (' Teste 84');
INSERT INTO public.tbcategoryproduct(name)	VALUES (' Teste 85');
INSERT INTO public.tbcategoryproduct(name)	VALUES (' Teste 86');
INSERT INTO public.tbcategoryproduct(name)	VALUES (' Teste 87');
INSERT INTO public.tbcategoryproduct(name)	VALUES (' Teste 88');
INSERT INTO public.tbcategoryproduct(name)	VALUES (' Teste 89');
INSERT INTO public.tbcategoryproduct(name)	VALUES (' Teste 90');
INSERT INTO public.tbcategoryproduct(name)	VALUES (' Teste 91');
INSERT INTO public.tbcategoryproduct(name)	VALUES (' Teste 92');
INSERT INTO public.tbcategoryproduct(name)	VALUES (' Teste 93');
INSERT INTO public.tbcategoryproduct(name)	VALUES (' Teste 94');
INSERT INTO public.tbcategoryproduct(name)	VALUES (' Teste 95');
INSERT INTO public.tbcategoryproduct(name)	VALUES (' Teste 96');
INSERT INTO public.tbcategoryproduct(name)	VALUES (' Teste 97');
INSERT INTO public.tbcategoryproduct(name)	VALUES (' Teste 98');
INSERT INTO public.tbcategoryproduct(name)	VALUES (' Teste 99');
INSERT INTO public.tbcategoryproduct(name)	VALUES (' Teste 100');

--

INSERT INTO public.tbproduct( created_by, last_modified_by, last_modified_date, datecreation, description, name, category_product_identifier) VALUES ('2021-06-07 00:00', null, null, '2021-06-07 00:00','Teste teste 1', 'Teste1', 1);
INSERT INTO public.tbproduct( created_by, last_modified_by, last_modified_date, datecreation, description, name, category_product_identifier) VALUES ('2021-06-07 00:00', null, null, '2021-06-07 00:00','Teste teste 2', 'Teste2', 2);
INSERT INTO public.tbproduct( created_by, last_modified_by, last_modified_date, datecreation, description, name, category_product_identifier) VALUES ('2021-06-07 00:00', null, null, '2021-06-07 00:00','Teste teste 3', 'Teste3', 3);
INSERT INTO public.tbproduct( created_by, last_modified_by, last_modified_date, datecreation, description, name, category_product_identifier) VALUES ('2021-06-07 00:00', null, null, '2021-06-07 00:00','Teste teste 4', 'Teste4', 4);
INSERT INTO public.tbproduct( created_by, last_modified_by, last_modified_date, datecreation, description, name, category_product_identifier) VALUES ('2021-06-07 00:00', null, null, '2021-06-07 00:00','Teste teste 5', 'Teste5', 5);
INSERT INTO public.tbproduct( created_by, last_modified_by, last_modified_date, datecreation, description, name, category_product_identifier) VALUES ('2021-06-07 00:00', null, null, '2021-06-07 00:00','Teste teste 6', 'Teste6', 6);
INSERT INTO public.tbproduct( created_by, last_modified_by, last_modified_date, datecreation, description, name, category_product_identifier) VALUES ('2021-06-07 00:00', null, null, '2021-06-07 00:00','Teste teste 7', 'Teste7', 7);
INSERT INTO public.tbproduct( created_by, last_modified_by, last_modified_date, datecreation, description, name, category_product_identifier) VALUES ('2021-06-07 00:00', null, null, '2021-06-07 00:00','Teste teste 8', 'Teste8', 8);
INSERT INTO public.tbproduct( created_by, last_modified_by, last_modified_date, datecreation, description, name, category_product_identifier) VALUES ('2021-06-07 00:00', null, null, '2021-06-07 00:00','Teste teste 9', 'Teste9', 9);
INSERT INTO public.tbproduct( created_by, last_modified_by, last_modified_date, datecreation, description, name, category_product_identifier) VALUES ('2021-06-07 00:00', null, null, '2021-06-07 00:00','Teste teste 10', 'Teste10', 10);
INSERT INTO public.tbproduct( created_by, last_modified_by, last_modified_date, datecreation, description, name, category_product_identifier) VALUES ('2021-06-07 00:00', null, null, '2021-06-07 00:00','Teste teste 11', 'Teste11', 11);
INSERT INTO public.tbproduct( created_by, last_modified_by, last_modified_date, datecreation, description, name, category_product_identifier) VALUES ('2021-06-07 00:00', null, null, '2021-06-07 00:00','Teste teste 12', 'Teste12', 12);
INSERT INTO public.tbproduct( created_by, last_modified_by, last_modified_date, datecreation, description, name, category_product_identifier) VALUES ('2021-06-07 00:00', null, null, '2021-06-07 00:00','Teste teste 13', 'Teste13', 13);
INSERT INTO public.tbproduct( created_by, last_modified_by, last_modified_date, datecreation, description, name, category_product_identifier) VALUES ('2021-06-07 00:00', null, null, '2021-06-07 00:00','Teste teste 14', 'Teste14', 14);
INSERT INTO public.tbproduct( created_by, last_modified_by, last_modified_date, datecreation, description, name, category_product_identifier) VALUES ('2021-06-07 00:00', null, null, '2021-06-07 00:00','Teste teste 15', 'Teste15', 15);
INSERT INTO public.tbproduct( created_by, last_modified_by, last_modified_date, datecreation, description, name, category_product_identifier) VALUES ('2021-06-07 00:00', null, null, '2021-06-07 00:00','Teste teste 16', 'Teste16', 16);
INSERT INTO public.tbproduct( created_by, last_modified_by, last_modified_date, datecreation, description, name, category_product_identifier) VALUES ('2021-06-07 00:00', null, null, '2021-06-07 00:00','Teste teste 17', 'Teste17', 17);
INSERT INTO public.tbproduct( created_by, last_modified_by, last_modified_date, datecreation, description, name, category_product_identifier) VALUES ('2021-06-07 00:00', null, null, '2021-06-07 00:00','Teste teste 18', 'Teste18', 18);
INSERT INTO public.tbproduct( created_by, last_modified_by, last_modified_date, datecreation, description, name, category_product_identifier) VALUES ('2021-06-07 00:00', null, null, '2021-06-07 00:00','Teste teste 19', 'Teste19', 19);
INSERT INTO public.tbproduct( created_by, last_modified_by, last_modified_date, datecreation, description, name, category_product_identifier) VALUES ('2021-06-07 00:00', null, null, '2021-06-07 00:00','Teste teste 20', 'Teste20', 20);
INSERT INTO public.tbproduct( created_by, last_modified_by, last_modified_date, datecreation, description, name, category_product_identifier) VALUES ('2021-06-07 00:00', null, null, '2021-06-07 00:00','Teste teste 21', 'Teste21', 21);
INSERT INTO public.tbproduct( created_by, last_modified_by, last_modified_date, datecreation, description, name, category_product_identifier) VALUES ('2021-06-07 00:00', null, null, '2021-06-07 00:00','Teste teste 22', 'Teste22', 22);
INSERT INTO public.tbproduct( created_by, last_modified_by, last_modified_date, datecreation, description, name, category_product_identifier) VALUES ('2021-06-07 00:00', null, null, '2021-06-07 00:00','Teste teste 23', 'Teste23', 23);
INSERT INTO public.tbproduct( created_by, last_modified_by, last_modified_date, datecreation, description, name, category_product_identifier) VALUES ('2021-06-07 00:00', null, null, '2021-06-07 00:00','Teste teste 24', 'Teste24', 24);
INSERT INTO public.tbproduct( created_by, last_modified_by, last_modified_date, datecreation, description, name, category_product_identifier) VALUES ('2021-06-07 00:00', null, null, '2021-06-07 00:00','Teste teste 25', 'Teste25', 25);
INSERT INTO public.tbproduct( created_by, last_modified_by, last_modified_date, datecreation, description, name, category_product_identifier) VALUES ('2021-06-07 00:00', null, null, '2021-06-07 00:00','Teste teste 26', 'Teste26', 26);
INSERT INTO public.tbproduct( created_by, last_modified_by, last_modified_date, datecreation, description, name, category_product_identifier) VALUES ('2021-06-07 00:00', null, null, '2021-06-07 00:00','Teste teste 27', 'Teste27', 27);
INSERT INTO public.tbproduct( created_by, last_modified_by, last_modified_date, datecreation, description, name, category_product_identifier) VALUES ('2021-06-07 00:00', null, null, '2021-06-07 00:00','Teste teste 28', 'Teste28', 28);
INSERT INTO public.tbproduct( created_by, last_modified_by, last_modified_date, datecreation, description, name, category_product_identifier) VALUES ('2021-06-07 00:00', null, null, '2021-06-07 00:00','Teste teste 29', 'Teste29', 29);
INSERT INTO public.tbproduct( created_by, last_modified_by, last_modified_date, datecreation, description, name, category_product_identifier) VALUES ('2021-06-07 00:00', null, null, '2021-06-07 00:00','Teste teste 30', 'Teste30', 30);
INSERT INTO public.tbproduct( created_by, last_modified_by, last_modified_date, datecreation, description, name, category_product_identifier) VALUES ('2021-06-07 00:00', null, null, '2021-06-07 00:00','Teste teste 31', 'Teste31', 31);
INSERT INTO public.tbproduct( created_by, last_modified_by, last_modified_date, datecreation, description, name, category_product_identifier) VALUES ('2021-06-07 00:00', null, null, '2021-06-07 00:00','Teste teste 32', 'Teste32', 32);
INSERT INTO public.tbproduct( created_by, last_modified_by, last_modified_date, datecreation, description, name, category_product_identifier) VALUES ('2021-06-07 00:00', null, null, '2021-06-07 00:00','Teste teste 33', 'Teste33', 33);
INSERT INTO public.tbproduct( created_by, last_modified_by, last_modified_date, datecreation, description, name, category_product_identifier) VALUES ('2021-06-07 00:00', null, null, '2021-06-07 00:00','Teste teste 34', 'Teste34', 34);
INSERT INTO public.tbproduct( created_by, last_modified_by, last_modified_date, datecreation, description, name, category_product_identifier) VALUES ('2021-06-07 00:00', null, null, '2021-06-07 00:00','Teste teste 35', 'Teste35', 35);
INSERT INTO public.tbproduct( created_by, last_modified_by, last_modified_date, datecreation, description, name, category_product_identifier) VALUES ('2021-06-07 00:00', null, null, '2021-06-07 00:00','Teste teste 36', 'Teste36', 36);
INSERT INTO public.tbproduct( created_by, last_modified_by, last_modified_date, datecreation, description, name, category_product_identifier) VALUES ('2021-06-07 00:00', null, null, '2021-06-07 00:00','Teste teste 37', 'Teste37', 37);
INSERT INTO public.tbproduct( created_by, last_modified_by, last_modified_date, datecreation, description, name, category_product_identifier) VALUES ('2021-06-07 00:00', null, null, '2021-06-07 00:00','Teste teste 38', 'Teste38', 38);
INSERT INTO public.tbproduct( created_by, last_modified_by, last_modified_date, datecreation, description, name, category_product_identifier) VALUES ('2021-06-07 00:00', null, null, '2021-06-07 00:00','Teste teste 39', 'Teste39', 39);
INSERT INTO public.tbproduct( created_by, last_modified_by, last_modified_date, datecreation, description, name, category_product_identifier) VALUES ('2021-06-07 00:00', null, null, '2021-06-07 00:00','Teste teste 40', 'Teste40', 40);
INSERT INTO public.tbproduct( created_by, last_modified_by, last_modified_date, datecreation, description, name, category_product_identifier) VALUES ('2021-06-07 00:00', null, null, '2021-06-07 00:00','Teste teste 41', 'Teste41', 41);
INSERT INTO public.tbproduct( created_by, last_modified_by, last_modified_date, datecreation, description, name, category_product_identifier) VALUES ('2021-06-07 00:00', null, null, '2021-06-07 00:00','Teste teste 42', 'Teste42', 42);
INSERT INTO public.tbproduct( created_by, last_modified_by, last_modified_date, datecreation, description, name, category_product_identifier) VALUES ('2021-06-07 00:00', null, null, '2021-06-07 00:00','Teste teste 43', 'Teste43', 43);
INSERT INTO public.tbproduct( created_by, last_modified_by, last_modified_date, datecreation, description, name, category_product_identifier) VALUES ('2021-06-07 00:00', null, null, '2021-06-07 00:00','Teste teste 44', 'Teste44', 44);
INSERT INTO public.tbproduct( created_by, last_modified_by, last_modified_date, datecreation, description, name, category_product_identifier) VALUES ('2021-06-07 00:00', null, null, '2021-06-07 00:00','Teste teste 45', 'Teste45', 45);
INSERT INTO public.tbproduct( created_by, last_modified_by, last_modified_date, datecreation, description, name, category_product_identifier) VALUES ('2021-06-07 00:00', null, null, '2021-06-07 00:00','Teste teste 46', 'Teste46', 46);
INSERT INTO public.tbproduct( created_by, last_modified_by, last_modified_date, datecreation, description, name, category_product_identifier) VALUES ('2021-06-07 00:00', null, null, '2021-06-07 00:00','Teste teste 47', 'Teste47', 47);
INSERT INTO public.tbproduct( created_by, last_modified_by, last_modified_date, datecreation, description, name, category_product_identifier) VALUES ('2021-06-07 00:00', null, null, '2021-06-07 00:00','Teste teste 48', 'Teste48', 48);
INSERT INTO public.tbproduct( created_by, last_modified_by, last_modified_date, datecreation, description, name, category_product_identifier) VALUES ('2021-06-07 00:00', null, null, '2021-06-07 00:00','Teste teste 49', 'Teste49', 49);
INSERT INTO public.tbproduct( created_by, last_modified_by, last_modified_date, datecreation, description, name, category_product_identifier) VALUES ('2021-06-07 00:00', null, null, '2021-06-07 00:00','Teste teste 50', 'Teste50', 50);
INSERT INTO public.tbproduct( created_by, last_modified_by, last_modified_date, datecreation, description, name, category_product_identifier) VALUES ('2021-06-07 00:00', null, null, '2021-06-07 00:00','Teste teste 51', 'Teste51', 51);
INSERT INTO public.tbproduct( created_by, last_modified_by, last_modified_date, datecreation, description, name, category_product_identifier) VALUES ('2021-06-07 00:00', null, null, '2021-06-07 00:00','Teste teste 52', 'Teste52', 52);
INSERT INTO public.tbproduct( created_by, last_modified_by, last_modified_date, datecreation, description, name, category_product_identifier) VALUES ('2021-06-07 00:00', null, null, '2021-06-07 00:00','Teste teste 53', 'Teste53', 53);
INSERT INTO public.tbproduct( created_by, last_modified_by, last_modified_date, datecreation, description, name, category_product_identifier) VALUES ('2021-06-07 00:00', null, null, '2021-06-07 00:00','Teste teste 54', 'Teste54', 54);
INSERT INTO public.tbproduct( created_by, last_modified_by, last_modified_date, datecreation, description, name, category_product_identifier) VALUES ('2021-06-07 00:00', null, null, '2021-06-07 00:00','Teste teste 55', 'Teste55', 55);
INSERT INTO public.tbproduct( created_by, last_modified_by, last_modified_date, datecreation, description, name, category_product_identifier) VALUES ('2021-06-07 00:00', null, null, '2021-06-07 00:00','Teste teste 56', 'Teste56', 56);
INSERT INTO public.tbproduct( created_by, last_modified_by, last_modified_date, datecreation, description, name, category_product_identifier) VALUES ('2021-06-07 00:00', null, null, '2021-06-07 00:00','Teste teste 57', 'Teste57', 57);
INSERT INTO public.tbproduct( created_by, last_modified_by, last_modified_date, datecreation, description, name, category_product_identifier) VALUES ('2021-06-07 00:00', null, null, '2021-06-07 00:00','Teste teste 58', 'Teste58', 58);
INSERT INTO public.tbproduct( created_by, last_modified_by, last_modified_date, datecreation, description, name, category_product_identifier) VALUES ('2021-06-07 00:00', null, null, '2021-06-07 00:00','Teste teste 59', 'Teste59', 59);
INSERT INTO public.tbproduct( created_by, last_modified_by, last_modified_date, datecreation, description, name, category_product_identifier) VALUES ('2021-06-07 00:00', null, null, '2021-06-07 00:00','Teste teste 60', 'Teste60', 60);
INSERT INTO public.tbproduct( created_by, last_modified_by, last_modified_date, datecreation, description, name, category_product_identifier) VALUES ('2021-06-07 00:00', null, null, '2021-06-07 00:00','Teste teste 61', 'Teste61', 61);
INSERT INTO public.tbproduct( created_by, last_modified_by, last_modified_date, datecreation, description, name, category_product_identifier) VALUES ('2021-06-07 00:00', null, null, '2021-06-07 00:00','Teste teste 62', 'Teste62', 62);
INSERT INTO public.tbproduct( created_by, last_modified_by, last_modified_date, datecreation, description, name, category_product_identifier) VALUES ('2021-06-07 00:00', null, null, '2021-06-07 00:00','Teste teste 63', 'Teste63', 63);
INSERT INTO public.tbproduct( created_by, last_modified_by, last_modified_date, datecreation, description, name, category_product_identifier) VALUES ('2021-06-07 00:00', null, null, '2021-06-07 00:00','Teste teste 64', 'Teste64', 64);
INSERT INTO public.tbproduct( created_by, last_modified_by, last_modified_date, datecreation, description, name, category_product_identifier) VALUES ('2021-06-07 00:00', null, null, '2021-06-07 00:00','Teste teste 65', 'Teste65', 65);
INSERT INTO public.tbproduct( created_by, last_modified_by, last_modified_date, datecreation, description, name, category_product_identifier) VALUES ('2021-06-07 00:00', null, null, '2021-06-07 00:00','Teste teste 66', 'Teste66', 66);
INSERT INTO public.tbproduct( created_by, last_modified_by, last_modified_date, datecreation, description, name, category_product_identifier) VALUES ('2021-06-07 00:00', null, null, '2021-06-07 00:00','Teste teste 67', 'Teste67', 67);
INSERT INTO public.tbproduct( created_by, last_modified_by, last_modified_date, datecreation, description, name, category_product_identifier) VALUES ('2021-06-07 00:00', null, null, '2021-06-07 00:00','Teste teste 68', 'Teste68', 68);
INSERT INTO public.tbproduct( created_by, last_modified_by, last_modified_date, datecreation, description, name, category_product_identifier) VALUES ('2021-06-07 00:00', null, null, '2021-06-07 00:00','Teste teste 69', 'Teste69', 69);
INSERT INTO public.tbproduct( created_by, last_modified_by, last_modified_date, datecreation, description, name, category_product_identifier) VALUES ('2021-06-07 00:00', null, null, '2021-06-07 00:00','Teste teste 70', 'Teste70', 70);
INSERT INTO public.tbproduct( created_by, last_modified_by, last_modified_date, datecreation, description, name, category_product_identifier) VALUES ('2021-06-07 00:00', null, null, '2021-06-07 00:00','Teste teste 71', 'Teste71', 71);
INSERT INTO public.tbproduct( created_by, last_modified_by, last_modified_date, datecreation, description, name, category_product_identifier) VALUES ('2021-06-07 00:00', null, null, '2021-06-07 00:00','Teste teste 72', 'Teste72', 72);
INSERT INTO public.tbproduct( created_by, last_modified_by, last_modified_date, datecreation, description, name, category_product_identifier) VALUES ('2021-06-07 00:00', null, null, '2021-06-07 00:00','Teste teste 73', 'Teste73', 73);
INSERT INTO public.tbproduct( created_by, last_modified_by, last_modified_date, datecreation, description, name, category_product_identifier) VALUES ('2021-06-07 00:00', null, null, '2021-06-07 00:00','Teste teste 74', 'Teste74', 74);
INSERT INTO public.tbproduct( created_by, last_modified_by, last_modified_date, datecreation, description, name, category_product_identifier) VALUES ('2021-06-07 00:00', null, null, '2021-06-07 00:00','Teste teste 75', 'Teste75', 75);
INSERT INTO public.tbproduct( created_by, last_modified_by, last_modified_date, datecreation, description, name, category_product_identifier) VALUES ('2021-06-07 00:00', null, null, '2021-06-07 00:00','Teste teste 76', 'Teste76', 76);
INSERT INTO public.tbproduct( created_by, last_modified_by, last_modified_date, datecreation, description, name, category_product_identifier) VALUES ('2021-06-07 00:00', null, null, '2021-06-07 00:00','Teste teste 77', 'Teste77', 77);
INSERT INTO public.tbproduct( created_by, last_modified_by, last_modified_date, datecreation, description, name, category_product_identifier) VALUES ('2021-06-07 00:00', null, null, '2021-06-07 00:00','Teste teste 78', 'Teste78', 78);
INSERT INTO public.tbproduct( created_by, last_modified_by, last_modified_date, datecreation, description, name, category_product_identifier) VALUES ('2021-06-07 00:00', null, null, '2021-06-07 00:00','Teste teste 79', 'Teste79', 79);
INSERT INTO public.tbproduct( created_by, last_modified_by, last_modified_date, datecreation, description, name, category_product_identifier) VALUES ('2021-06-07 00:00', null, null, '2021-06-07 00:00','Teste teste 80', 'Teste80', 80);
INSERT INTO public.tbproduct( created_by, last_modified_by, last_modified_date, datecreation, description, name, category_product_identifier) VALUES ('2021-06-07 00:00', null, null, '2021-06-07 00:00','Teste teste 81', 'Teste81', 81);
INSERT INTO public.tbproduct( created_by, last_modified_by, last_modified_date, datecreation, description, name, category_product_identifier) VALUES ('2021-06-07 00:00', null, null, '2021-06-07 00:00','Teste teste 82', 'Teste82', 82);
INSERT INTO public.tbproduct( created_by, last_modified_by, last_modified_date, datecreation, description, name, category_product_identifier) VALUES ('2021-06-07 00:00', null, null, '2021-06-07 00:00','Teste teste 83', 'Teste83', 83);
INSERT INTO public.tbproduct( created_by, last_modified_by, last_modified_date, datecreation, description, name, category_product_identifier) VALUES ('2021-06-07 00:00', null, null, '2021-06-07 00:00','Teste teste 84', 'Teste84', 84);
INSERT INTO public.tbproduct( created_by, last_modified_by, last_modified_date, datecreation, description, name, category_product_identifier) VALUES ('2021-06-07 00:00', null, null, '2021-06-07 00:00','Teste teste 85', 'Teste85', 85);
INSERT INTO public.tbproduct( created_by, last_modified_by, last_modified_date, datecreation, description, name, category_product_identifier) VALUES ('2021-06-07 00:00', null, null, '2021-06-07 00:00','Teste teste 86', 'Teste86', 86);
INSERT INTO public.tbproduct( created_by, last_modified_by, last_modified_date, datecreation, description, name, category_product_identifier) VALUES ('2021-06-07 00:00', null, null, '2021-06-07 00:00','Teste teste 87', 'Teste87', 87);
INSERT INTO public.tbproduct( created_by, last_modified_by, last_modified_date, datecreation, description, name, category_product_identifier) VALUES ('2021-06-07 00:00', null, null, '2021-06-07 00:00','Teste teste 88', 'Teste88', 88);
INSERT INTO public.tbproduct( created_by, last_modified_by, last_modified_date, datecreation, description, name, category_product_identifier) VALUES ('2021-06-07 00:00', null, null, '2021-06-07 00:00','Teste teste 89', 'Teste89', 89);
INSERT INTO public.tbproduct( created_by, last_modified_by, last_modified_date, datecreation, description, name, category_product_identifier) VALUES ('2021-06-07 00:00', null, null, '2021-06-07 00:00','Teste teste 90', 'Teste90', 90);
INSERT INTO public.tbproduct( created_by, last_modified_by, last_modified_date, datecreation, description, name, category_product_identifier) VALUES ('2021-06-07 00:00', null, null, '2021-06-07 00:00','Teste teste 91', 'Teste91', 91);
INSERT INTO public.tbproduct( created_by, last_modified_by, last_modified_date, datecreation, description, name, category_product_identifier) VALUES ('2021-06-07 00:00', null, null, '2021-06-07 00:00','Teste teste 92', 'Teste92', 92);
INSERT INTO public.tbproduct( created_by, last_modified_by, last_modified_date, datecreation, description, name, category_product_identifier) VALUES ('2021-06-07 00:00', null, null, '2021-06-07 00:00','Teste teste 93', 'Teste93', 93);
INSERT INTO public.tbproduct( created_by, last_modified_by, last_modified_date, datecreation, description, name, category_product_identifier) VALUES ('2021-06-07 00:00', null, null, '2021-06-07 00:00','Teste teste 94', 'Teste94', 94);
INSERT INTO public.tbproduct( created_by, last_modified_by, last_modified_date, datecreation, description, name, category_product_identifier) VALUES ('2021-06-07 00:00', null, null, '2021-06-07 00:00','Teste teste 95', 'Teste95', 95);
INSERT INTO public.tbproduct( created_by, last_modified_by, last_modified_date, datecreation, description, name, category_product_identifier) VALUES ('2021-06-07 00:00', null, null, '2021-06-07 00:00','Teste teste 96', 'Teste96', 96);
INSERT INTO public.tbproduct( created_by, last_modified_by, last_modified_date, datecreation, description, name, category_product_identifier) VALUES ('2021-06-07 00:00', null, null, '2021-06-07 00:00','Teste teste 97', 'Teste97', 97);
INSERT INTO public.tbproduct( created_by, last_modified_by, last_modified_date, datecreation, description, name, category_product_identifier) VALUES ('2021-06-07 00:00', null, null, '2021-06-07 00:00','Teste teste 98', 'Teste98', 98);
INSERT INTO public.tbproduct( created_by, last_modified_by, last_modified_date, datecreation, description, name, category_product_identifier) VALUES ('2021-06-07 00:00', null, null, '2021-06-07 00:00','Teste teste 99', 'Teste99', 99);
INSERT INTO public.tbproduct( created_by, last_modified_by, last_modified_date, datecreation, description, name, category_product_identifier) VALUES ('2021-06-07 00:00', null, null, '2021-06-07 00:00','Teste teste 100', 'Teste100', 100);

--

INSERT INTO public.tbassesproduct(identifier, note, dateassessment, product_id) VALUES (1,5, '2021-06-07 00:00',1);
INSERT INTO public.tbassesproduct(identifier, note, dateassessment, product_id) VALUES (2,5, '2021-06-07 00:00',2);
INSERT INTO public.tbassesproduct(identifier, note, dateassessment, product_id) VALUES (3,5, '2021-06-07 00:00',3);
INSERT INTO public.tbassesproduct(identifier, note, dateassessment, product_id) VALUES (4,5, '2021-06-07 00:00',4);
INSERT INTO public.tbassesproduct(identifier, note, dateassessment, product_id) VALUES (5,5, '2021-06-07 00:00',5);
INSERT INTO public.tbassesproduct(identifier, note, dateassessment, product_id) VALUES (6,5, '2021-06-07 00:00',6);
INSERT INTO public.tbassesproduct(identifier, note, dateassessment, product_id) VALUES (7,5, '2021-06-07 00:00',7);
INSERT INTO public.tbassesproduct(identifier, note, dateassessment, product_id) VALUES (8,5, '2021-06-07 00:00',8);
INSERT INTO public.tbassesproduct(identifier, note, dateassessment, product_id) VALUES (9,5, '2021-06-07 00:00',9);
INSERT INTO public.tbassesproduct(identifier, note, dateassessment, product_id) VALUES (10,5, '2021-06-07 00:00',10);
INSERT INTO public.tbassesproduct(identifier, note, dateassessment, product_id) VALUES (11,5, '2021-06-07 00:00',11);
INSERT INTO public.tbassesproduct(identifier, note, dateassessment, product_id) VALUES (12,5, '2021-06-07 00:00',12);
INSERT INTO public.tbassesproduct(identifier, note, dateassessment, product_id) VALUES (13,5, '2021-06-07 00:00',13);
INSERT INTO public.tbassesproduct(identifier, note, dateassessment, product_id) VALUES (14,5, '2021-06-07 00:00',14);
INSERT INTO public.tbassesproduct(identifier, note, dateassessment, product_id) VALUES (15,5, '2021-06-07 00:00',15);
INSERT INTO public.tbassesproduct(identifier, note, dateassessment, product_id) VALUES (16,5, '2021-06-07 00:00',16);
INSERT INTO public.tbassesproduct(identifier, note, dateassessment, product_id) VALUES (17,5, '2021-06-07 00:00',17);
INSERT INTO public.tbassesproduct(identifier, note, dateassessment, product_id) VALUES (18,5, '2021-06-07 00:00',18);
INSERT INTO public.tbassesproduct(identifier, note, dateassessment, product_id) VALUES (19,5, '2021-06-07 00:00',19);
INSERT INTO public.tbassesproduct(identifier, note, dateassessment, product_id) VALUES (20,5, '2021-06-07 00:00',20);
INSERT INTO public.tbassesproduct(identifier, note, dateassessment, product_id) VALUES (21,5, '2021-06-07 00:00',21);
INSERT INTO public.tbassesproduct(identifier, note, dateassessment, product_id) VALUES (22,5, '2021-06-07 00:00',22);
INSERT INTO public.tbassesproduct(identifier, note, dateassessment, product_id) VALUES (23,5, '2021-06-07 00:00',23);
INSERT INTO public.tbassesproduct(identifier, note, dateassessment, product_id) VALUES (24,5, '2021-06-07 00:00',24);
INSERT INTO public.tbassesproduct(identifier, note, dateassessment, product_id) VALUES (25,5, '2021-06-07 00:00',25);
INSERT INTO public.tbassesproduct(identifier, note, dateassessment, product_id) VALUES (26,5, '2021-06-07 00:00',26);
INSERT INTO public.tbassesproduct(identifier, note, dateassessment, product_id) VALUES (27,5, '2021-06-07 00:00',27);
INSERT INTO public.tbassesproduct(identifier, note, dateassessment, product_id) VALUES (28,5, '2021-06-07 00:00',28);
INSERT INTO public.tbassesproduct(identifier, note, dateassessment, product_id) VALUES (29,5, '2021-06-07 00:00',29);
INSERT INTO public.tbassesproduct(identifier, note, dateassessment, product_id) VALUES (30,5, '2021-06-07 00:00',30);
INSERT INTO public.tbassesproduct(identifier, note, dateassessment, product_id) VALUES (31,5, '2021-06-07 00:00',31);
INSERT INTO public.tbassesproduct(identifier, note, dateassessment, product_id) VALUES (32,5, '2021-06-07 00:00',32);
INSERT INTO public.tbassesproduct(identifier, note, dateassessment, product_id) VALUES (33,5, '2021-06-07 00:00',33);
INSERT INTO public.tbassesproduct(identifier, note, dateassessment, product_id) VALUES (34,5, '2021-06-07 00:00',34);
INSERT INTO public.tbassesproduct(identifier, note, dateassessment, product_id) VALUES (35,5, '2021-06-07 00:00',35);
INSERT INTO public.tbassesproduct(identifier, note, dateassessment, product_id) VALUES (36,5, '2021-06-07 00:00',36);
INSERT INTO public.tbassesproduct(identifier, note, dateassessment, product_id) VALUES (37,5, '2021-06-07 00:00',37);
INSERT INTO public.tbassesproduct(identifier, note, dateassessment, product_id) VALUES (38,5, '2021-06-07 00:00',38);
INSERT INTO public.tbassesproduct(identifier, note, dateassessment, product_id) VALUES (39,5, '2021-06-07 00:00',39);
INSERT INTO public.tbassesproduct(identifier, note, dateassessment, product_id) VALUES (40,5, '2021-06-07 00:00',40);
INSERT INTO public.tbassesproduct(identifier, note, dateassessment, product_id) VALUES (41,5, '2021-06-07 00:00',41);
INSERT INTO public.tbassesproduct(identifier, note, dateassessment, product_id) VALUES (42,5, '2021-06-07 00:00',42);
INSERT INTO public.tbassesproduct(identifier, note, dateassessment, product_id) VALUES (43,5, '2021-06-07 00:00',43);
INSERT INTO public.tbassesproduct(identifier, note, dateassessment, product_id) VALUES (44,5, '2021-06-07 00:00',44);
INSERT INTO public.tbassesproduct(identifier, note, dateassessment, product_id) VALUES (45,5, '2021-06-07 00:00',45);
INSERT INTO public.tbassesproduct(identifier, note, dateassessment, product_id) VALUES (46,5, '2021-06-07 00:00',46);
INSERT INTO public.tbassesproduct(identifier, note, dateassessment, product_id) VALUES (47,5, '2021-06-07 00:00',47);
INSERT INTO public.tbassesproduct(identifier, note, dateassessment, product_id) VALUES (48,5, '2021-06-07 00:00',48);
INSERT INTO public.tbassesproduct(identifier, note, dateassessment, product_id) VALUES (49,5, '2021-06-07 00:00',49);
INSERT INTO public.tbassesproduct(identifier, note, dateassessment, product_id) VALUES (50,5, '2021-06-07 00:00',50);
INSERT INTO public.tbassesproduct(identifier, note, dateassessment, product_id) VALUES (51,5, '2021-06-07 00:00',51);
INSERT INTO public.tbassesproduct(identifier, note, dateassessment, product_id) VALUES (52,5, '2021-06-07 00:00',52);
INSERT INTO public.tbassesproduct(identifier, note, dateassessment, product_id) VALUES (53,5, '2021-06-07 00:00',53);
INSERT INTO public.tbassesproduct(identifier, note, dateassessment, product_id) VALUES (54,5, '2021-06-07 00:00',54);
INSERT INTO public.tbassesproduct(identifier, note, dateassessment, product_id) VALUES (55,5, '2021-06-07 00:00',55);
INSERT INTO public.tbassesproduct(identifier, note, dateassessment, product_id) VALUES (56,5, '2021-06-07 00:00',56);
INSERT INTO public.tbassesproduct(identifier, note, dateassessment, product_id) VALUES (57,5, '2021-06-07 00:00',57);
INSERT INTO public.tbassesproduct(identifier, note, dateassessment, product_id) VALUES (58,5, '2021-06-07 00:00',58);
INSERT INTO public.tbassesproduct(identifier, note, dateassessment, product_id) VALUES (59,5, '2021-06-07 00:00',59);
INSERT INTO public.tbassesproduct(identifier, note, dateassessment, product_id) VALUES (60,5, '2021-06-07 00:00',60);
INSERT INTO public.tbassesproduct(identifier, note, dateassessment, product_id) VALUES (61,5, '2021-06-07 00:00',61);
INSERT INTO public.tbassesproduct(identifier, note, dateassessment, product_id) VALUES (62,5, '2021-06-07 00:00',62);
INSERT INTO public.tbassesproduct(identifier, note, dateassessment, product_id) VALUES (63,5, '2021-06-07 00:00',63);
INSERT INTO public.tbassesproduct(identifier, note, dateassessment, product_id) VALUES (64,5, '2021-06-07 00:00',64);
INSERT INTO public.tbassesproduct(identifier, note, dateassessment, product_id) VALUES (65,5, '2021-06-07 00:00',65);
INSERT INTO public.tbassesproduct(identifier, note, dateassessment, product_id) VALUES (66,5, '2021-06-07 00:00',66);
INSERT INTO public.tbassesproduct(identifier, note, dateassessment, product_id) VALUES (67,5, '2021-06-07 00:00',67);
INSERT INTO public.tbassesproduct(identifier, note, dateassessment, product_id) VALUES (68,5, '2021-06-07 00:00',68);
INSERT INTO public.tbassesproduct(identifier, note, dateassessment, product_id) VALUES (69,5, '2021-06-07 00:00',69);
INSERT INTO public.tbassesproduct(identifier, note, dateassessment, product_id) VALUES (70,5, '2021-06-07 00:00',70);
INSERT INTO public.tbassesproduct(identifier, note, dateassessment, product_id) VALUES (71,5, '2021-06-07 00:00',71);
INSERT INTO public.tbassesproduct(identifier, note, dateassessment, product_id) VALUES (72,5, '2021-06-07 00:00',72);
INSERT INTO public.tbassesproduct(identifier, note, dateassessment, product_id) VALUES (73,5, '2021-06-07 00:00',73);
INSERT INTO public.tbassesproduct(identifier, note, dateassessment, product_id) VALUES (74,5, '2021-06-07 00:00',74);
INSERT INTO public.tbassesproduct(identifier, note, dateassessment, product_id) VALUES (75,5, '2021-06-07 00:00',75);
INSERT INTO public.tbassesproduct(identifier, note, dateassessment, product_id) VALUES (76,5, '2021-06-07 00:00',76);
INSERT INTO public.tbassesproduct(identifier, note, dateassessment, product_id) VALUES (77,5, '2021-06-07 00:00',77);
INSERT INTO public.tbassesproduct(identifier, note, dateassessment, product_id) VALUES (78,5, '2021-06-07 00:00',78);
INSERT INTO public.tbassesproduct(identifier, note, dateassessment, product_id) VALUES (79,5, '2021-06-07 00:00',79);
INSERT INTO public.tbassesproduct(identifier, note, dateassessment, product_id) VALUES (80,5, '2021-06-07 00:00',80);
INSERT INTO public.tbassesproduct(identifier, note, dateassessment, product_id) VALUES (81,5, '2021-06-07 00:00',81);
INSERT INTO public.tbassesproduct(identifier, note, dateassessment, product_id) VALUES (82,5, '2021-06-07 00:00',82);
INSERT INTO public.tbassesproduct(identifier, note, dateassessment, product_id) VALUES (83,5, '2021-06-07 00:00',83);
INSERT INTO public.tbassesproduct(identifier, note, dateassessment, product_id) VALUES (84,5, '2021-06-07 00:00',84);
INSERT INTO public.tbassesproduct(identifier, note, dateassessment, product_id) VALUES (85,5, '2021-06-07 00:00',85);
INSERT INTO public.tbassesproduct(identifier, note, dateassessment, product_id) VALUES (86,5, '2021-06-07 00:00',86);
INSERT INTO public.tbassesproduct(identifier, note, dateassessment, product_id) VALUES (87,5, '2021-06-07 00:00',87);
INSERT INTO public.tbassesproduct(identifier, note, dateassessment, product_id) VALUES (88,5, '2021-06-07 00:00',88);
INSERT INTO public.tbassesproduct(identifier, note, dateassessment, product_id) VALUES (89,5, '2021-06-07 00:00',89);
INSERT INTO public.tbassesproduct(identifier, note, dateassessment, product_id) VALUES (90,5, '2021-06-07 00:00',90);
INSERT INTO public.tbassesproduct(identifier, note, dateassessment, product_id) VALUES (91,5, '2021-06-07 00:00',91);
INSERT INTO public.tbassesproduct(identifier, note, dateassessment, product_id) VALUES (92,5, '2021-06-07 00:00',92);
INSERT INTO public.tbassesproduct(identifier, note, dateassessment, product_id) VALUES (93,5, '2021-06-07 00:00',93);
INSERT INTO public.tbassesproduct(identifier, note, dateassessment, product_id) VALUES (94,5, '2021-06-07 00:00',94);
INSERT INTO public.tbassesproduct(identifier, note, dateassessment, product_id) VALUES (95,5, '2021-06-07 00:00',95);
INSERT INTO public.tbassesproduct(identifier, note, dateassessment, product_id) VALUES (96,5, '2021-06-07 00:00',96);
INSERT INTO public.tbassesproduct(identifier, note, dateassessment, product_id) VALUES (97,5, '2021-06-07 00:00',97);
INSERT INTO public.tbassesproduct(identifier, note, dateassessment, product_id) VALUES (98,5, '2021-06-07 00:00',98);
INSERT INTO public.tbassesproduct(identifier, note, dateassessment, product_id) VALUES (99,5, '2021-06-07 00:00',99);
INSERT INTO public.tbassesproduct(identifier, note, dateassessment, product_id) VALUES (100,5, '2021-06-07 00:00',100);

----

INSERT INTO public.tbsaller(name) VALUES ('Teste 1');
INSERT INTO public.tbsaller(name) VALUES ('Teste 2');
INSERT INTO public.tbsaller(name) VALUES ('Teste 3');
INSERT INTO public.tbsaller(name) VALUES ('Teste 4');
INSERT INTO public.tbsaller(name) VALUES ('Teste 5');
INSERT INTO public.tbsaller(name) VALUES ('Teste 6');
INSERT INTO public.tbsaller(name) VALUES ('Teste 7');
INSERT INTO public.tbsaller(name) VALUES ('Teste 8');
INSERT INTO public.tbsaller(name) VALUES ('Teste 9');
INSERT INTO public.tbsaller(name) VALUES ('Teste 10');
INSERT INTO public.tbsaller(name) VALUES ('Teste 11');
INSERT INTO public.tbsaller(name) VALUES ('Teste 12');
INSERT INTO public.tbsaller(name) VALUES ('Teste 13');
INSERT INTO public.tbsaller(name) VALUES ('Teste 14');
INSERT INTO public.tbsaller(name) VALUES ('Teste 15');
INSERT INTO public.tbsaller(name) VALUES ('Teste 16');
INSERT INTO public.tbsaller(name) VALUES ('Teste 17');
INSERT INTO public.tbsaller(name) VALUES ('Teste 18');
INSERT INTO public.tbsaller(name) VALUES ('Teste 19');
INSERT INTO public.tbsaller(name) VALUES ('Teste 20');
INSERT INTO public.tbsaller(name) VALUES ('Teste 21');
INSERT INTO public.tbsaller(name) VALUES ('Teste 22');
INSERT INTO public.tbsaller(name) VALUES ('Teste 23');
INSERT INTO public.tbsaller(name) VALUES ('Teste 24');
INSERT INTO public.tbsaller(name) VALUES ('Teste 25');
INSERT INTO public.tbsaller(name) VALUES ('Teste 26');
INSERT INTO public.tbsaller(name) VALUES ('Teste 27');
INSERT INTO public.tbsaller(name) VALUES ('Teste 28');
INSERT INTO public.tbsaller(name) VALUES ('Teste 29');
INSERT INTO public.tbsaller(name) VALUES ('Teste 30');
INSERT INTO public.tbsaller(name) VALUES ('Teste 31');
INSERT INTO public.tbsaller(name) VALUES ('Teste 32');
INSERT INTO public.tbsaller(name) VALUES ('Teste 33');
INSERT INTO public.tbsaller(name) VALUES ('Teste 34');
INSERT INTO public.tbsaller(name) VALUES ('Teste 35');
INSERT INTO public.tbsaller(name) VALUES ('Teste 36');
INSERT INTO public.tbsaller(name) VALUES ('Teste 37');
INSERT INTO public.tbsaller(name) VALUES ('Teste 38');
INSERT INTO public.tbsaller(name) VALUES ('Teste 39');
INSERT INTO public.tbsaller(name) VALUES ('Teste 40');
INSERT INTO public.tbsaller(name) VALUES ('Teste 41');
INSERT INTO public.tbsaller(name) VALUES ('Teste 42');
INSERT INTO public.tbsaller(name) VALUES ('Teste 43');
INSERT INTO public.tbsaller(name) VALUES ('Teste 44');
INSERT INTO public.tbsaller(name) VALUES ('Teste 45');
INSERT INTO public.tbsaller(name) VALUES ('Teste 46');
INSERT INTO public.tbsaller(name) VALUES ('Teste 47');
INSERT INTO public.tbsaller(name) VALUES ('Teste 48');
INSERT INTO public.tbsaller(name) VALUES ('Teste 49');
INSERT INTO public.tbsaller(name) VALUES ('Teste 50');
INSERT INTO public.tbsaller(name) VALUES ('Teste 51');
INSERT INTO public.tbsaller(name) VALUES ('Teste 52');
INSERT INTO public.tbsaller(name) VALUES ('Teste 53');
INSERT INTO public.tbsaller(name) VALUES ('Teste 54');
INSERT INTO public.tbsaller(name) VALUES ('Teste 55');
INSERT INTO public.tbsaller(name) VALUES ('Teste 56');
INSERT INTO public.tbsaller(name) VALUES ('Teste 57');
INSERT INTO public.tbsaller(name) VALUES ('Teste 58');
INSERT INTO public.tbsaller(name) VALUES ('Teste 59');
INSERT INTO public.tbsaller(name) VALUES ('Teste 60');
INSERT INTO public.tbsaller(name) VALUES ('Teste 61');
INSERT INTO public.tbsaller(name) VALUES ('Teste 62');
INSERT INTO public.tbsaller(name) VALUES ('Teste 63');
INSERT INTO public.tbsaller(name) VALUES ('Teste 64');
INSERT INTO public.tbsaller(name) VALUES ('Teste 65');
INSERT INTO public.tbsaller(name) VALUES ('Teste 66');
INSERT INTO public.tbsaller(name) VALUES ('Teste 67');
INSERT INTO public.tbsaller(name) VALUES ('Teste 68');
INSERT INTO public.tbsaller(name) VALUES ('Teste 69');
INSERT INTO public.tbsaller(name) VALUES ('Teste 70');
INSERT INTO public.tbsaller(name) VALUES ('Teste 71');
INSERT INTO public.tbsaller(name) VALUES ('Teste 72');
INSERT INTO public.tbsaller(name) VALUES ('Teste 73');
INSERT INTO public.tbsaller(name) VALUES ('Teste 74');
INSERT INTO public.tbsaller(name) VALUES ('Teste 75');
INSERT INTO public.tbsaller(name) VALUES ('Teste 76');
INSERT INTO public.tbsaller(name) VALUES ('Teste 77');
INSERT INTO public.tbsaller(name) VALUES ('Teste 78');
INSERT INTO public.tbsaller(name) VALUES ('Teste 79');
INSERT INTO public.tbsaller(name) VALUES ('Teste 80');
INSERT INTO public.tbsaller(name) VALUES ('Teste 81');
INSERT INTO public.tbsaller(name) VALUES ('Teste 82');
INSERT INTO public.tbsaller(name) VALUES ('Teste 83');
INSERT INTO public.tbsaller(name) VALUES ('Teste 84');
INSERT INTO public.tbsaller(name) VALUES ('Teste 85');
INSERT INTO public.tbsaller(name) VALUES ('Teste 86');
INSERT INTO public.tbsaller(name) VALUES ('Teste 87');
INSERT INTO public.tbsaller(name) VALUES ('Teste 88');
INSERT INTO public.tbsaller(name) VALUES ('Teste 89');
INSERT INTO public.tbsaller(name) VALUES ('Teste 90');
INSERT INTO public.tbsaller(name) VALUES ('Teste 91');
INSERT INTO public.tbsaller(name) VALUES ('Teste 92');
INSERT INTO public.tbsaller(name) VALUES ('Teste 93');
INSERT INTO public.tbsaller(name) VALUES ('Teste 94');
INSERT INTO public.tbsaller(name) VALUES ('Teste 95');
INSERT INTO public.tbsaller(name) VALUES ('Teste 96');
INSERT INTO public.tbsaller(name) VALUES ('Teste 97');
INSERT INTO public.tbsaller(name) VALUES ('Teste 98');
INSERT INTO public.tbsaller(name) VALUES ('Teste 99');
INSERT INTO public.tbsaller(name) VALUES ('Teste 100');


----

INSERT INTO public.tbcuyer(name) VALUES ('1');
INSERT INTO public.tbcuyer(name) VALUES ('2');
INSERT INTO public.tbcuyer(name) VALUES ('3');
INSERT INTO public.tbcuyer(name) VALUES ('4');
INSERT INTO public.tbcuyer(name) VALUES ('5');
INSERT INTO public.tbcuyer(name) VALUES ('6');
INSERT INTO public.tbcuyer(name) VALUES ('7');
INSERT INTO public.tbcuyer(name) VALUES ('8');
INSERT INTO public.tbcuyer(name) VALUES ('9');
INSERT INTO public.tbcuyer(name) VALUES ('10');
INSERT INTO public.tbcuyer(name) VALUES ('11');
INSERT INTO public.tbcuyer(name) VALUES ('12');
INSERT INTO public.tbcuyer(name) VALUES ('13');
INSERT INTO public.tbcuyer(name) VALUES ('14');
INSERT INTO public.tbcuyer(name) VALUES ('15');
INSERT INTO public.tbcuyer(name) VALUES ('16');
INSERT INTO public.tbcuyer(name) VALUES ('17');
INSERT INTO public.tbcuyer(name) VALUES ('18');
INSERT INTO public.tbcuyer(name) VALUES ('19');
INSERT INTO public.tbcuyer(name) VALUES ('20');
INSERT INTO public.tbcuyer(name) VALUES ('21');
INSERT INTO public.tbcuyer(name) VALUES ('22');
INSERT INTO public.tbcuyer(name) VALUES ('23');
INSERT INTO public.tbcuyer(name) VALUES ('24');
INSERT INTO public.tbcuyer(name) VALUES ('25');
INSERT INTO public.tbcuyer(name) VALUES ('26');
INSERT INTO public.tbcuyer(name) VALUES ('27');
INSERT INTO public.tbcuyer(name) VALUES ('28');
INSERT INTO public.tbcuyer(name) VALUES ('29');
INSERT INTO public.tbcuyer(name) VALUES ('30');
INSERT INTO public.tbcuyer(name) VALUES ('31');
INSERT INTO public.tbcuyer(name) VALUES ('32');
INSERT INTO public.tbcuyer(name) VALUES ('33');
INSERT INTO public.tbcuyer(name) VALUES ('34');
INSERT INTO public.tbcuyer(name) VALUES ('35');
INSERT INTO public.tbcuyer(name) VALUES ('36');
INSERT INTO public.tbcuyer(name) VALUES ('37');
INSERT INTO public.tbcuyer(name) VALUES ('38');
INSERT INTO public.tbcuyer(name) VALUES ('39');
INSERT INTO public.tbcuyer(name) VALUES ('40');
INSERT INTO public.tbcuyer(name) VALUES ('41');
INSERT INTO public.tbcuyer(name) VALUES ('42');
INSERT INTO public.tbcuyer(name) VALUES ('43');
INSERT INTO public.tbcuyer(name) VALUES ('44');
INSERT INTO public.tbcuyer(name) VALUES ('45');
INSERT INTO public.tbcuyer(name) VALUES ('46');
INSERT INTO public.tbcuyer(name) VALUES ('47');
INSERT INTO public.tbcuyer(name) VALUES ('48');
INSERT INTO public.tbcuyer(name) VALUES ('49');
INSERT INTO public.tbcuyer(name) VALUES ('50');
INSERT INTO public.tbcuyer(name) VALUES ('51');
INSERT INTO public.tbcuyer(name) VALUES ('52');
INSERT INTO public.tbcuyer(name) VALUES ('53');
INSERT INTO public.tbcuyer(name) VALUES ('54');
INSERT INTO public.tbcuyer(name) VALUES ('55');
INSERT INTO public.tbcuyer(name) VALUES ('56');
INSERT INTO public.tbcuyer(name) VALUES ('57');
INSERT INTO public.tbcuyer(name) VALUES ('58');
INSERT INTO public.tbcuyer(name) VALUES ('59');
INSERT INTO public.tbcuyer(name) VALUES ('60');
INSERT INTO public.tbcuyer(name) VALUES ('61');
INSERT INTO public.tbcuyer(name) VALUES ('62');
INSERT INTO public.tbcuyer(name) VALUES ('63');
INSERT INTO public.tbcuyer(name) VALUES ('64');
INSERT INTO public.tbcuyer(name) VALUES ('65');
INSERT INTO public.tbcuyer(name) VALUES ('66');
INSERT INTO public.tbcuyer(name) VALUES ('67');
INSERT INTO public.tbcuyer(name) VALUES ('68');
INSERT INTO public.tbcuyer(name) VALUES ('69');
INSERT INTO public.tbcuyer(name) VALUES ('70');
INSERT INTO public.tbcuyer(name) VALUES ('71');
INSERT INTO public.tbcuyer(name) VALUES ('72');
INSERT INTO public.tbcuyer(name) VALUES ('73');
INSERT INTO public.tbcuyer(name) VALUES ('74');
INSERT INTO public.tbcuyer(name) VALUES ('75');
INSERT INTO public.tbcuyer(name) VALUES ('76');
INSERT INTO public.tbcuyer(name) VALUES ('77');
INSERT INTO public.tbcuyer(name) VALUES ('78');
INSERT INTO public.tbcuyer(name) VALUES ('79');
INSERT INTO public.tbcuyer(name) VALUES ('80');
INSERT INTO public.tbcuyer(name) VALUES ('81');
INSERT INTO public.tbcuyer(name) VALUES ('82');
INSERT INTO public.tbcuyer(name) VALUES ('83');
INSERT INTO public.tbcuyer(name) VALUES ('84');
INSERT INTO public.tbcuyer(name) VALUES ('85');
INSERT INTO public.tbcuyer(name) VALUES ('86');
INSERT INTO public.tbcuyer(name) VALUES ('87');
INSERT INTO public.tbcuyer(name) VALUES ('88');
INSERT INTO public.tbcuyer(name) VALUES ('89');
INSERT INTO public.tbcuyer(name) VALUES ('90');
INSERT INTO public.tbcuyer(name) VALUES ('91');
INSERT INTO public.tbcuyer(name) VALUES ('92');
INSERT INTO public.tbcuyer(name) VALUES ('93');
INSERT INTO public.tbcuyer(name) VALUES ('94');
INSERT INTO public.tbcuyer(name) VALUES ('95');
INSERT INTO public.tbcuyer(name) VALUES ('96');
INSERT INTO public.tbcuyer(name) VALUES ('97');
INSERT INTO public.tbcuyer(name) VALUES ('98');
INSERT INTO public.tbcuyer(name) VALUES ('99');
INSERT INTO public.tbcuyer(name) VALUES ('100');

----
INSERT INTO public.tbsale(identifier, cuyer_identifier, saller_identifier) VALUES (1,1,1);
INSERT INTO public.tbsale(identifier, cuyer_identifier, saller_identifier) VALUES (2,2,2);
INSERT INTO public.tbsale(identifier, cuyer_identifier, saller_identifier) VALUES (3,3,3);
INSERT INTO public.tbsale(identifier, cuyer_identifier, saller_identifier) VALUES (4,4,4);
INSERT INTO public.tbsale(identifier, cuyer_identifier, saller_identifier) VALUES (5,5,5);
INSERT INTO public.tbsale(identifier, cuyer_identifier, saller_identifier) VALUES (6,6,6);
INSERT INTO public.tbsale(identifier, cuyer_identifier, saller_identifier) VALUES (7,7,7);
INSERT INTO public.tbsale(identifier, cuyer_identifier, saller_identifier) VALUES (8,8,8);
INSERT INTO public.tbsale(identifier, cuyer_identifier, saller_identifier) VALUES (9,9,9);
INSERT INTO public.tbsale(identifier, cuyer_identifier, saller_identifier) VALUES (10,10,10);
INSERT INTO public.tbsale(identifier, cuyer_identifier, saller_identifier) VALUES (11,11,11);
INSERT INTO public.tbsale(identifier, cuyer_identifier, saller_identifier) VALUES (12,12,12);
INSERT INTO public.tbsale(identifier, cuyer_identifier, saller_identifier) VALUES (13,13,13);
INSERT INTO public.tbsale(identifier, cuyer_identifier, saller_identifier) VALUES (14,14,14);
INSERT INTO public.tbsale(identifier, cuyer_identifier, saller_identifier) VALUES (15,15,15);
INSERT INTO public.tbsale(identifier, cuyer_identifier, saller_identifier) VALUES (16,16,16);
INSERT INTO public.tbsale(identifier, cuyer_identifier, saller_identifier) VALUES (17,17,17);
INSERT INTO public.tbsale(identifier, cuyer_identifier, saller_identifier) VALUES (18,18,18);
INSERT INTO public.tbsale(identifier, cuyer_identifier, saller_identifier) VALUES (19,19,19);
INSERT INTO public.tbsale(identifier, cuyer_identifier, saller_identifier) VALUES (20,20,20);
INSERT INTO public.tbsale(identifier, cuyer_identifier, saller_identifier) VALUES (21,21,21);
INSERT INTO public.tbsale(identifier, cuyer_identifier, saller_identifier) VALUES (22,22,22);
INSERT INTO public.tbsale(identifier, cuyer_identifier, saller_identifier) VALUES (23,23,23);
INSERT INTO public.tbsale(identifier, cuyer_identifier, saller_identifier) VALUES (24,24,24);
INSERT INTO public.tbsale(identifier, cuyer_identifier, saller_identifier) VALUES (25,25,25);
INSERT INTO public.tbsale(identifier, cuyer_identifier, saller_identifier) VALUES (26,26,26);
INSERT INTO public.tbsale(identifier, cuyer_identifier, saller_identifier) VALUES (27,27,27);
INSERT INTO public.tbsale(identifier, cuyer_identifier, saller_identifier) VALUES (28,28,28);
INSERT INTO public.tbsale(identifier, cuyer_identifier, saller_identifier) VALUES (29,29,29);
INSERT INTO public.tbsale(identifier, cuyer_identifier, saller_identifier) VALUES (30,30,30);
INSERT INTO public.tbsale(identifier, cuyer_identifier, saller_identifier) VALUES (31,31,31);
INSERT INTO public.tbsale(identifier, cuyer_identifier, saller_identifier) VALUES (32,32,32);
INSERT INTO public.tbsale(identifier, cuyer_identifier, saller_identifier) VALUES (33,33,33);
INSERT INTO public.tbsale(identifier, cuyer_identifier, saller_identifier) VALUES (34,34,34);
INSERT INTO public.tbsale(identifier, cuyer_identifier, saller_identifier) VALUES (35,35,35);
INSERT INTO public.tbsale(identifier, cuyer_identifier, saller_identifier) VALUES (36,36,36);
INSERT INTO public.tbsale(identifier, cuyer_identifier, saller_identifier) VALUES (37,37,37);
INSERT INTO public.tbsale(identifier, cuyer_identifier, saller_identifier) VALUES (38,38,38);
INSERT INTO public.tbsale(identifier, cuyer_identifier, saller_identifier) VALUES (39,39,39);
INSERT INTO public.tbsale(identifier, cuyer_identifier, saller_identifier) VALUES (40,40,40);
INSERT INTO public.tbsale(identifier, cuyer_identifier, saller_identifier) VALUES (41,41,41);
INSERT INTO public.tbsale(identifier, cuyer_identifier, saller_identifier) VALUES (42,42,42);
INSERT INTO public.tbsale(identifier, cuyer_identifier, saller_identifier) VALUES (43,43,43);
INSERT INTO public.tbsale(identifier, cuyer_identifier, saller_identifier) VALUES (44,44,44);
INSERT INTO public.tbsale(identifier, cuyer_identifier, saller_identifier) VALUES (45,45,45);
INSERT INTO public.tbsale(identifier, cuyer_identifier, saller_identifier) VALUES (46,46,46);
INSERT INTO public.tbsale(identifier, cuyer_identifier, saller_identifier) VALUES (47,47,47);
INSERT INTO public.tbsale(identifier, cuyer_identifier, saller_identifier) VALUES (48,48,48);
INSERT INTO public.tbsale(identifier, cuyer_identifier, saller_identifier) VALUES (49,49,49);
INSERT INTO public.tbsale(identifier, cuyer_identifier, saller_identifier) VALUES (50,50,50);
INSERT INTO public.tbsale(identifier, cuyer_identifier, saller_identifier) VALUES (51,51,51);
INSERT INTO public.tbsale(identifier, cuyer_identifier, saller_identifier) VALUES (52,52,52);
INSERT INTO public.tbsale(identifier, cuyer_identifier, saller_identifier) VALUES (53,53,53);
INSERT INTO public.tbsale(identifier, cuyer_identifier, saller_identifier) VALUES (54,54,54);
INSERT INTO public.tbsale(identifier, cuyer_identifier, saller_identifier) VALUES (55,55,55);
INSERT INTO public.tbsale(identifier, cuyer_identifier, saller_identifier) VALUES (56,56,56);
INSERT INTO public.tbsale(identifier, cuyer_identifier, saller_identifier) VALUES (57,57,57);
INSERT INTO public.tbsale(identifier, cuyer_identifier, saller_identifier) VALUES (58,58,58);
INSERT INTO public.tbsale(identifier, cuyer_identifier, saller_identifier) VALUES (59,59,59);
INSERT INTO public.tbsale(identifier, cuyer_identifier, saller_identifier) VALUES (60,60,60);
INSERT INTO public.tbsale(identifier, cuyer_identifier, saller_identifier) VALUES (61,61,61);
INSERT INTO public.tbsale(identifier, cuyer_identifier, saller_identifier) VALUES (62,62,62);
INSERT INTO public.tbsale(identifier, cuyer_identifier, saller_identifier) VALUES (63,63,63);
INSERT INTO public.tbsale(identifier, cuyer_identifier, saller_identifier) VALUES (64,64,64);
INSERT INTO public.tbsale(identifier, cuyer_identifier, saller_identifier) VALUES (65,65,65);
INSERT INTO public.tbsale(identifier, cuyer_identifier, saller_identifier) VALUES (66,66,66);
INSERT INTO public.tbsale(identifier, cuyer_identifier, saller_identifier) VALUES (67,67,67);
INSERT INTO public.tbsale(identifier, cuyer_identifier, saller_identifier) VALUES (68,68,68);
INSERT INTO public.tbsale(identifier, cuyer_identifier, saller_identifier) VALUES (69,69,69);
INSERT INTO public.tbsale(identifier, cuyer_identifier, saller_identifier) VALUES (70,70,70);
INSERT INTO public.tbsale(identifier, cuyer_identifier, saller_identifier) VALUES (71,71,71);
INSERT INTO public.tbsale(identifier, cuyer_identifier, saller_identifier) VALUES (72,72,72);
INSERT INTO public.tbsale(identifier, cuyer_identifier, saller_identifier) VALUES (73,73,73);
INSERT INTO public.tbsale(identifier, cuyer_identifier, saller_identifier) VALUES (74,74,74);
INSERT INTO public.tbsale(identifier, cuyer_identifier, saller_identifier) VALUES (75,75,75);
INSERT INTO public.tbsale(identifier, cuyer_identifier, saller_identifier) VALUES (76,76,76);
INSERT INTO public.tbsale(identifier, cuyer_identifier, saller_identifier) VALUES (77,77,77);
INSERT INTO public.tbsale(identifier, cuyer_identifier, saller_identifier) VALUES (78,78,78);
INSERT INTO public.tbsale(identifier, cuyer_identifier, saller_identifier) VALUES (79,79,79);
INSERT INTO public.tbsale(identifier, cuyer_identifier, saller_identifier) VALUES (80,80,80);
INSERT INTO public.tbsale(identifier, cuyer_identifier, saller_identifier) VALUES (81,81,81);
INSERT INTO public.tbsale(identifier, cuyer_identifier, saller_identifier) VALUES (82,82,82);
INSERT INTO public.tbsale(identifier, cuyer_identifier, saller_identifier) VALUES (83,83,83);
INSERT INTO public.tbsale(identifier, cuyer_identifier, saller_identifier) VALUES (84,84,84);
INSERT INTO public.tbsale(identifier, cuyer_identifier, saller_identifier) VALUES (85,85,85);
INSERT INTO public.tbsale(identifier, cuyer_identifier, saller_identifier) VALUES (86,86,86);
INSERT INTO public.tbsale(identifier, cuyer_identifier, saller_identifier) VALUES (87,87,87);
INSERT INTO public.tbsale(identifier, cuyer_identifier, saller_identifier) VALUES (88,88,88);
INSERT INTO public.tbsale(identifier, cuyer_identifier, saller_identifier) VALUES (89,89,89);
INSERT INTO public.tbsale(identifier, cuyer_identifier, saller_identifier) VALUES (90,90,90);
INSERT INTO public.tbsale(identifier, cuyer_identifier, saller_identifier) VALUES (91,91,91);
INSERT INTO public.tbsale(identifier, cuyer_identifier, saller_identifier) VALUES (92,92,92);
INSERT INTO public.tbsale(identifier, cuyer_identifier, saller_identifier) VALUES (93,93,93);
INSERT INTO public.tbsale(identifier, cuyer_identifier, saller_identifier) VALUES (94,94,94);
INSERT INTO public.tbsale(identifier, cuyer_identifier, saller_identifier) VALUES (95,95,95);
INSERT INTO public.tbsale(identifier, cuyer_identifier, saller_identifier) VALUES (96,96,96);
INSERT INTO public.tbsale(identifier, cuyer_identifier, saller_identifier) VALUES (97,97,97);
INSERT INTO public.tbsale(identifier, cuyer_identifier, saller_identifier) VALUES (98,98,98);
INSERT INTO public.tbsale(identifier, cuyer_identifier, saller_identifier) VALUES (99,99,99);
INSERT INTO public.tbsale(identifier, cuyer_identifier, saller_identifier) VALUES (100,100,100);
----



INSERT INTO public.tbsale_tbproduct(sale_identifier, product_identifier) VALUES (1,1);
INSERT INTO public.tbsale_tbproduct(sale_identifier, product_identifier) VALUES (2,2);
INSERT INTO public.tbsale_tbproduct(sale_identifier, product_identifier) VALUES (3,3);
INSERT INTO public.tbsale_tbproduct(sale_identifier, product_identifier) VALUES (4,4);
INSERT INTO public.tbsale_tbproduct(sale_identifier, product_identifier) VALUES (5,5);
INSERT INTO public.tbsale_tbproduct(sale_identifier, product_identifier) VALUES (6,6);
INSERT INTO public.tbsale_tbproduct(sale_identifier, product_identifier) VALUES (7,7);
INSERT INTO public.tbsale_tbproduct(sale_identifier, product_identifier) VALUES (8,8);
INSERT INTO public.tbsale_tbproduct(sale_identifier, product_identifier) VALUES (9,9);
INSERT INTO public.tbsale_tbproduct(sale_identifier, product_identifier) VALUES (10,10);
INSERT INTO public.tbsale_tbproduct(sale_identifier, product_identifier) VALUES (11,11);
INSERT INTO public.tbsale_tbproduct(sale_identifier, product_identifier) VALUES (12,12);
INSERT INTO public.tbsale_tbproduct(sale_identifier, product_identifier) VALUES (13,13);
INSERT INTO public.tbsale_tbproduct(sale_identifier, product_identifier) VALUES (14,14);
INSERT INTO public.tbsale_tbproduct(sale_identifier, product_identifier) VALUES (15,15);
INSERT INTO public.tbsale_tbproduct(sale_identifier, product_identifier) VALUES (16,16);
INSERT INTO public.tbsale_tbproduct(sale_identifier, product_identifier) VALUES (17,17);
INSERT INTO public.tbsale_tbproduct(sale_identifier, product_identifier) VALUES (18,18);
INSERT INTO public.tbsale_tbproduct(sale_identifier, product_identifier) VALUES (19,19);
INSERT INTO public.tbsale_tbproduct(sale_identifier, product_identifier) VALUES (20,20);
INSERT INTO public.tbsale_tbproduct(sale_identifier, product_identifier) VALUES (21,21);
INSERT INTO public.tbsale_tbproduct(sale_identifier, product_identifier) VALUES (22,22);
INSERT INTO public.tbsale_tbproduct(sale_identifier, product_identifier) VALUES (23,23);
INSERT INTO public.tbsale_tbproduct(sale_identifier, product_identifier) VALUES (24,24);
INSERT INTO public.tbsale_tbproduct(sale_identifier, product_identifier) VALUES (25,25);
INSERT INTO public.tbsale_tbproduct(sale_identifier, product_identifier) VALUES (26,26);
INSERT INTO public.tbsale_tbproduct(sale_identifier, product_identifier) VALUES (27,27);
INSERT INTO public.tbsale_tbproduct(sale_identifier, product_identifier) VALUES (28,28);
INSERT INTO public.tbsale_tbproduct(sale_identifier, product_identifier) VALUES (29,29);
INSERT INTO public.tbsale_tbproduct(sale_identifier, product_identifier) VALUES (30,30);
INSERT INTO public.tbsale_tbproduct(sale_identifier, product_identifier) VALUES (31,31);
INSERT INTO public.tbsale_tbproduct(sale_identifier, product_identifier) VALUES (32,32);
INSERT INTO public.tbsale_tbproduct(sale_identifier, product_identifier) VALUES (33,33);
INSERT INTO public.tbsale_tbproduct(sale_identifier, product_identifier) VALUES (34,34);
INSERT INTO public.tbsale_tbproduct(sale_identifier, product_identifier) VALUES (35,35);
INSERT INTO public.tbsale_tbproduct(sale_identifier, product_identifier) VALUES (36,36);
INSERT INTO public.tbsale_tbproduct(sale_identifier, product_identifier) VALUES (37,37);
INSERT INTO public.tbsale_tbproduct(sale_identifier, product_identifier) VALUES (38,38);
INSERT INTO public.tbsale_tbproduct(sale_identifier, product_identifier) VALUES (39,39);
INSERT INTO public.tbsale_tbproduct(sale_identifier, product_identifier) VALUES (40,40);
INSERT INTO public.tbsale_tbproduct(sale_identifier, product_identifier) VALUES (41,41);
INSERT INTO public.tbsale_tbproduct(sale_identifier, product_identifier) VALUES (42,42);
INSERT INTO public.tbsale_tbproduct(sale_identifier, product_identifier) VALUES (43,43);
INSERT INTO public.tbsale_tbproduct(sale_identifier, product_identifier) VALUES (44,44);
INSERT INTO public.tbsale_tbproduct(sale_identifier, product_identifier) VALUES (45,45);
INSERT INTO public.tbsale_tbproduct(sale_identifier, product_identifier) VALUES (46,46);
INSERT INTO public.tbsale_tbproduct(sale_identifier, product_identifier) VALUES (47,47);
INSERT INTO public.tbsale_tbproduct(sale_identifier, product_identifier) VALUES (48,48);
INSERT INTO public.tbsale_tbproduct(sale_identifier, product_identifier) VALUES (49,49);
INSERT INTO public.tbsale_tbproduct(sale_identifier, product_identifier) VALUES (50,50);
INSERT INTO public.tbsale_tbproduct(sale_identifier, product_identifier) VALUES (51,51);
INSERT INTO public.tbsale_tbproduct(sale_identifier, product_identifier) VALUES (52,52);
INSERT INTO public.tbsale_tbproduct(sale_identifier, product_identifier) VALUES (53,53);
INSERT INTO public.tbsale_tbproduct(sale_identifier, product_identifier) VALUES (54,54);
INSERT INTO public.tbsale_tbproduct(sale_identifier, product_identifier) VALUES (55,55);
INSERT INTO public.tbsale_tbproduct(sale_identifier, product_identifier) VALUES (56,56);
INSERT INTO public.tbsale_tbproduct(sale_identifier, product_identifier) VALUES (57,57);
INSERT INTO public.tbsale_tbproduct(sale_identifier, product_identifier) VALUES (58,58);
INSERT INTO public.tbsale_tbproduct(sale_identifier, product_identifier) VALUES (59,59);
INSERT INTO public.tbsale_tbproduct(sale_identifier, product_identifier) VALUES (60,60);
INSERT INTO public.tbsale_tbproduct(sale_identifier, product_identifier) VALUES (61,61);
INSERT INTO public.tbsale_tbproduct(sale_identifier, product_identifier) VALUES (62,62);
INSERT INTO public.tbsale_tbproduct(sale_identifier, product_identifier) VALUES (63,63);
INSERT INTO public.tbsale_tbproduct(sale_identifier, product_identifier) VALUES (64,64);
INSERT INTO public.tbsale_tbproduct(sale_identifier, product_identifier) VALUES (65,65);
INSERT INTO public.tbsale_tbproduct(sale_identifier, product_identifier) VALUES (66,66);
INSERT INTO public.tbsale_tbproduct(sale_identifier, product_identifier) VALUES (67,67);
INSERT INTO public.tbsale_tbproduct(sale_identifier, product_identifier) VALUES (68,68);
INSERT INTO public.tbsale_tbproduct(sale_identifier, product_identifier) VALUES (69,69);
INSERT INTO public.tbsale_tbproduct(sale_identifier, product_identifier) VALUES (70,70);
INSERT INTO public.tbsale_tbproduct(sale_identifier, product_identifier) VALUES (71,71);
INSERT INTO public.tbsale_tbproduct(sale_identifier, product_identifier) VALUES (72,72);
INSERT INTO public.tbsale_tbproduct(sale_identifier, product_identifier) VALUES (73,73);
INSERT INTO public.tbsale_tbproduct(sale_identifier, product_identifier) VALUES (74,74);
INSERT INTO public.tbsale_tbproduct(sale_identifier, product_identifier) VALUES (75,75);
INSERT INTO public.tbsale_tbproduct(sale_identifier, product_identifier) VALUES (76,76);
INSERT INTO public.tbsale_tbproduct(sale_identifier, product_identifier) VALUES (77,77);
INSERT INTO public.tbsale_tbproduct(sale_identifier, product_identifier) VALUES (78,78);
INSERT INTO public.tbsale_tbproduct(sale_identifier, product_identifier) VALUES (79,79);
INSERT INTO public.tbsale_tbproduct(sale_identifier, product_identifier) VALUES (80,80);
INSERT INTO public.tbsale_tbproduct(sale_identifier, product_identifier) VALUES (81,81);
INSERT INTO public.tbsale_tbproduct(sale_identifier, product_identifier) VALUES (82,82);
INSERT INTO public.tbsale_tbproduct(sale_identifier, product_identifier) VALUES (83,83);
INSERT INTO public.tbsale_tbproduct(sale_identifier, product_identifier) VALUES (84,84);
INSERT INTO public.tbsale_tbproduct(sale_identifier, product_identifier) VALUES (85,85);
INSERT INTO public.tbsale_tbproduct(sale_identifier, product_identifier) VALUES (86,86);
INSERT INTO public.tbsale_tbproduct(sale_identifier, product_identifier) VALUES (87,87);
INSERT INTO public.tbsale_tbproduct(sale_identifier, product_identifier) VALUES (88,88);
INSERT INTO public.tbsale_tbproduct(sale_identifier, product_identifier) VALUES (89,89);
INSERT INTO public.tbsale_tbproduct(sale_identifier, product_identifier) VALUES (90,90);
INSERT INTO public.tbsale_tbproduct(sale_identifier, product_identifier) VALUES (91,91);
INSERT INTO public.tbsale_tbproduct(sale_identifier, product_identifier) VALUES (92,92);
INSERT INTO public.tbsale_tbproduct(sale_identifier, product_identifier) VALUES (93,93);
INSERT INTO public.tbsale_tbproduct(sale_identifier, product_identifier) VALUES (94,94);
INSERT INTO public.tbsale_tbproduct(sale_identifier, product_identifier) VALUES (95,95);
INSERT INTO public.tbsale_tbproduct(sale_identifier, product_identifier) VALUES (96,96);
INSERT INTO public.tbsale_tbproduct(sale_identifier, product_identifier) VALUES (97,97);
INSERT INTO public.tbsale_tbproduct(sale_identifier, product_identifier) VALUES (98,98);
INSERT INTO public.tbsale_tbproduct(sale_identifier, product_identifier) VALUES (99,99);
INSERT INTO public.tbsale_tbproduct(sale_identifier, product_identifier) VALUES (100,100);




